<?xml version="1.0" encoding="UTF-8"?>
<services xmlns="http://www.demandware.com/xml/impex/services/2014-09-26">
    <service-credential service-credential-id="Sequra_Credentials">
        <url>https://sandbox.sequrapi.com/</url>
        <user-id></user-id>
        <password/>
    </service-credential>

    <service-profile service-profile-id="Sequra_Profile">
        <timeout-millis>60000</timeout-millis>
        <rate-limit-enabled>false</rate-limit-enabled>
        <rate-limit-calls>0</rate-limit-calls>
        <rate-limit-millis>0</rate-limit-millis>
        <cb-enabled>false</cb-enabled>
        <cb-calls>0</cb-calls>
        <cb-millis>0</cb-millis>
    </service-profile>

     <service service-id="int_sequra.http.rest">
        <service-type>HTTP</service-type>
        <enabled>true</enabled>
        <log-prefix>SequraRest</log-prefix>
        <comm-log-enabled>false</comm-log-enabled>
        <force-prd-enabled>true</force-prd-enabled>
        <mock-mode-enabled>false</mock-mode-enabled>
        <profile-id>Sequra_Profile</profile-id>
        <credential-id>Sequra_Credentials</credential-id>
    </service>

    
</services>
